DoctorID,First Name,Last Name
0,George,Jackson
1,Linda,Garcia
2,Nancy,Anderson
3,Laura,Jones
4,James,Martinez
5,George,Martinez
6,Linda,Miller
7,Christopher,Harris
8,Laura,Wilson
9,Paul,Martinez
10,Emily,Anderson
11,Thomas,Anderson
12,James,Thompson
13,Robert,Taylor
14,Michael,Jackson
15,Daniel,Brown
16,Joseph,Johnson
17,Robert,Anderson
18,Linda,Williams
19,Nancy,Miller
20,William,Martinez
21,Michael,Anderson
22,Nancy,Williams
23,Christopher,Martinez
24,Daniel,Robinson
25,John,Robinson
26,David,Garcia
27,Emily,Brown
28,Daniel,Wilson
29,Thomas,Jones
30,Thomas,Williams
31,George,Jones
32,David,Robinson
33,William,Thompson
34,William,Harris
35,David,Jones
36,Jennifer,Johnson
37,Sarah,Robinson
38,Paul,Harris
39,Christopher,Thomas
40,Emily,Smith
41,Barbara,Taylor
42,John,White
43,Thomas,Robinson
44,George,Thompson
45,Christopher,Robinson
46,Laura,Taylor
47,Christopher,Wilson
48,Daniel,Taylor
49,Karen,Moore
50,Robert,Smith
51,James,Wilson
52,John,Miller
53,Laura,Martinez
54,John,Jackson
55,John,Williams
56,Barbara,Harris
57,Barbara,Thompson
58,Joseph,Thomas
59,Barbara,Robinson
60,Jennifer,Taylor
61,Emily,Thompson
62,Joseph,Jackson
63,Thomas,Davis
64,Daniel,Williams
65,George,Smith
66,David,Davis
67,Daniel,Thomas
68,George,White
69,Nancy,White
70,Paul,Brown
71,Karen,Brown
72,Daniel,Miller
73,Paul,Wilson
74,Robert,Williams
75,Paul,Jackson
76,Daniel,Garcia
77,Karen,Davis
78,Karen,Williams
79,Thomas,Miller
80,David,Brown
81,Michael,White
82,Karen,Garcia
83,Karen,Wilson
84,Jennifer,Brown
85,Emily,Robinson
86,Linda,White
87,Karen,Martinez
88,Barbara,Martin
89,Linda,Johnson
